event_id,year_start,year_end,act,signal_layer,evidence_strength,category,display_label,expected_effect,measured_effect
EV013,-3000,1900,instrument,food,moderate,crop introduction,Dairying established across Europe,no directional prediction,Beta-lactoglobulin in calculus; 19 of 74 Eurasian individuals positive. No change point - milk is continuous across the record.
EV025,-700,-200,hinge,interventions,contextual,dental intervention,"Teeth are altered for appearance, not health",intervention layer: first appearance; the record begins to be edited,"21 catalogued appliances. No denominator exists - this is a museum corpus, not a rate. Affects 21 known people over ~500 years."
EV001,-400,-100,instrument,wear,moderate,milling technology,Rotary querns replace saddle querns,wear: baseline high,No measured effect yet - citation still outstanding.
EV012,1,300,instrument,food,moderate,crop introduction,Sorghum and millet in the Roman diet,baseline,Sorghum and millet proteins recovered from calculus.
EV017,1,400,instrument,metals,strong,metal production,Roman lead production peaks,metals layer: sharp peak,Childhood enamel Pb: Iron Age Britain 0.06 mg/kg -> Roman Britain 1.21 -> Rome 3.61 -> five Empire sites 2.00-7.00 ppm. Twenty- to hundred-fold over baseline.
EV002,1,400,instrument,wear,moderate,milling technology,Water-powered milling spreads across the empire,wear: remains high,No measured effect yet - citation still outstanding.
EV026,1,200,hinge,interventions,contextual,dental intervention,Extraction becomes a commercial trade,caries: undercounted wherever extraction is available,"86 extracted teeth in a single deposit - the largest European intervention assemblage in this project. No population denominator: it is a drain, not a cemetery."
EV024,100,1900,instrument,caries,strong,subsistence,Coastal communities keep a low-carbohydrate diet,caries: coastal stays low throughout,Caries 0.045 coastal vs 0.171 rolling hills (3.8x). The gap WIDENS: Early modern coastal 0.030 against 0.165 overall.
EV018,400,700,instrument,metals,strong,metal production,Lead exposure collapses after Rome,metals layer: sharp fall,"Pb falls to 0.39 mg/kg at the 360-675 exposure window, roughly two-thirds down from the Roman peak. The only signal in the dataset that falls because an economy stopped."
EV027,400,700,instrument,pathogens,contextual,epidemic,The first plague pandemic,pathogen layer: composition shifts to plague,"Y. pestis is 86% of the 5th-century bin (19 of 22) and 60% of the 7th (12 of 20). Composition, not count - genome counts track sequencing campaigns."
EV011,700,1000,instrument,food,moderate,trade route,Black pepper reaches central Italy,no direct tooth effect; trade-route evidence,Black pepper identified in calculus - long-distance trade recorded in the mouth.
EV028,1000,1400,instrument,pathogens,contextual,epidemic,Leprosy rises and then recedes,pathogen layer: composition peaks then declines,"M. leprae share by century: 20% (500), 43% (1000), 20% (1100), 55% (1200), 44% (1400), 10% (1800). Composition only."
EV003,1086,1086,instrument,wear,moderate,milling technology,Domesday Book records thousands of watermills in England,wear: remains high through the medieval centuries,Documentary; no direct dental measurement.
EV016,1100,1536,hinge,metals,moderate,medical practice,Mercury used to treat leprosy and syphilis,metals layer: Hg elevation in specific populations,Mercury administered as medicine - the first case in this dataset of a metal entering the body by deliberate human act rather than by environment.
EV029,1100,1700,instrument,caries,strong,sugar supply,Sugar and refined starch reshape the mouth,caries: sustained rise to the series peak,Caries per tooth: 0.042 (1100) -> 0.096 (1200) -> 0.140 (1500) -> 0.168 (1600) -> 0.273 (1700). Peak is 6.5x the minimum.
EV004,1180,1250,instrument,wear,moderate,milling technology,Windmills appear in northwest Europe,wear: remains high,No measured effect yet - citation still outstanding.
EV019,1200,1500,instrument,metals,strong,metal production,Medieval lead exposure exceeds the Roman peak,metals layer: second and higher peak; class gradient,"Pb 4.69 mg/kg at the 1160-1475 exposure window, above the Roman Britain figure of 1.21."
EV021,1300,1500,instrument,caries,moderate,urbanisation,Cities become worse for teeth than the countryside,caries: urban exceeds rural from here,Urban caries exceeds rural from 1300 onward.
EV014,1347,1351,instrument,pathogens,contextual,epidemic,The Black Death,pathogen layer: sharp spike; tooth layer: no prediction,"Y. pestis is 69% of all genomes in the 1300s bin (35 of 51). Hypoplasia spikes to 80.3% from 33.6% at 1200. Caries then climbs 0.101 -> 0.124 -> 0.140 across 1300-1500 as survivors diets shift. CAUTION: n=88 at 1300; osteological paradox - high LEH may mean survived stress, not only suffered it."
EV015,1495,1700,instrument,pathogens,contextual,epidemic,Syphilis epidemic spreads through Europe,lesion layer: rise,T. pallidum appears in the 1500s and 1600s bins.
EV008,1500,1600,instrument,food,moderate,crop introduction,New World crops reach European fields,caries: rise,New World taxa enter the food layer.
EV009,1600,1700,instrument,food,moderate,crop introduction,Maize and potato appear in European mouths,confirms crop arrival; supports the caries rise,Maize and potato recovered from calculus.
EV006,1650,1750,instrument,caries,moderate,sugar supply,Tea and sugar become everyday goods in Britain,caries: rise begins,No measured effect yet - citation still outstanding.
EV010,1737,1847,instrument,food,moderate,crop introduction,Imported staples reach industrial workers,caries: peak period,Imported staples in the calculus of industrial workers.
EV023,1737,1847,instrument,food,moderate,occupational exposure,Textile fibres enter workers' mouths,particulate layer: fibre presence,"Cotton and wool fibres in calculus at Cross Street Chapel, Manchester - the job recorded in the mouth. NO clear microcharcoal, which the authors caution is not evidence of absent smoke exposure."
EV022,1750,1900,instrument,wear,strong,urbanisation,Industrial urbanisation,caries: peak; wear: minimum; hypoplasia: peak,"Wear 4.35 (1200) -> 2.88 (1700); hypoplasia 51-59%; caries peaks at 0.273 in 1700. Sample 642 individuals across four countries, geographically uneven."
EV030,1800,1899,hinge,caries,strong,dental intervention,Decayed teeth start being pulled faster than they are recorded,caries: falls for a non-dietary reason; AMTL: series maximum,"Caries 0.273 (1700) -> 0.164 (1800) while AMTL 0.210 -> 0.267, the series maximum. The two move in opposite directions for the first time."
EV031,1826,1900,hinge,interventions,strong,dental intervention,Amalgam makes tooth repair routine,caries: no longer readable from the tooth,"Archaeological intervention prevalence: 1/204 (Pieve di Pava, 10-12th c.), 1/100 (Aberdeen, 1460-1670), 2/450 (Middenbeemster, 1800s). Never above ~1% before 1850."
EV007,1846,1846,instrument,caries,moderate,food legislation,Britain equalises sugar duties,caries: acceleration,Duty equalisation precedes the caries peak; no direct dental measurement.
EV005,1870,1890,instrument,wear,strong,milling technology,Roller mills invented; industrial food processing begins,wear: sharp fall; caries: rise,"Molar wear 3.28 (1800) -> 2.01 (1915-18), the lowest value in the 1,800-year series. Mechanism: millstones shed grit into flour, steel rollers do not. CAUTION: n=76, one Lithuanian site; wear was already 2.88 at 1700, so the fall is not monotonic."
EV020,1900,2000,instrument,metals,strong,metal production,Industrial metals reach their modern maximum,metals layer: modern maximum,"Modern vs archaeological enamel: Pb 0.63 -> 6.55 (x10.4), Cu 0.25 -> 3.60 (x14.4), Cr 0.072 -> 0.80 (x11.1), Ni 0.24 -> 2.20 (x9.2). Controls barely move and Sr FALLS: Sr 188 -> 168 (x0.89), Ba 3.2 -> 4.6, Zn 145 -> 215. The enamel ran a controlled experiment."
EV032,1945,1975,silent,none,external,public health,Fluoride collapses tooth decay - and the tooth cannot show it,NONE MEASURABLE IN THIS PROJECT DATA,Invisible to every layer in this project. GHHP ends 1918; the Kamenov enamel exposure window ends 1975. Known only from national surveys.
EV033,1978,2009,silent,interventions,strong,dental intervention,Fillings stop marking the era and start marking the person,intervention layer: the signal decouples from the date,All ages 8.1 -> 6.8. Age 16-24: 7.8 -> 1.7. Age 55-64: 4.9 -> 10.2. The marginal hides the story; the two cohorts cross between 1998 and 2009.
EV034,2009,2009,silent,interventions,strong,dental intervention,Intervention becomes near-universal,intervention layer: modern maximum,"84% (n=6470) against archaeological rates of 0.49%, 1.00% and 0.44%. Roughly a 170-fold gap. NOTE: not the same measurement - buried individuals screened for ANY dental work versus living adults examined for fillings."
