period,age_band,n,n_with_leh,pct_with_leh,ci_low,ci_high
Pre-medieval,18–24,62,22,35.5,24.7,47.9
Pre-medieval,25–29,73,22,30.1,20.8,41.4
Pre-medieval,30–34,72,30,41.7,31.0,53.2
Pre-medieval,35–39,86,25,29.1,20.5,39.4
Pre-medieval,40–44,73,30,41.1,30.5,52.6
Pre-medieval,45–49,68,23,33.8,23.7,45.7
Pre-medieval,50–59,71,22,31.0,21.4,42.5
Pre-medieval,60+,26,8,30.8,16.5,50.0
Early medieval,18–24,198,73,36.9,30.5,43.8
Early medieval,25–29,159,56,35.2,28.2,42.9
Early medieval,30–34,206,69,33.5,27.4,40.2
Early medieval,35–39,236,82,34.7,29.0,41.0
Early medieval,40–44,284,104,36.6,31.2,42.4
Early medieval,45–49,293,101,34.5,29.3,40.1
Early medieval,50–59,437,153,35.0,30.7,39.6
Early medieval,60+,182,50,27.5,21.5,34.4
High medieval,18–24,74,34,45.9,35.1,57.2
High medieval,25–29,116,42,36.2,28.0,45.3
High medieval,30–34,123,44,35.8,27.9,44.6
High medieval,35–39,127,56,44.1,35.8,52.8
High medieval,40–44,112,32,28.6,21.0,37.5
High medieval,45–49,86,28,32.6,23.6,43.0
High medieval,50–59,144,52,36.1,28.7,44.2
High medieval,60+,27,8,29.6,15.9,48.5
Late medieval,18–24,69,38,55.1,43.4,66.2
Late medieval,25–29,64,30,46.9,35.2,58.9
Late medieval,30–34,97,56,57.7,47.8,67.1
Late medieval,35–39,83,24,28.9,20.3,39.4
Late medieval,40–44,105,46,43.8,34.7,53.4
Late medieval,45–49,78,28,35.9,26.1,47.0
Late medieval,50–59,109,50,45.9,36.8,55.2
Late medieval,60+,46,14,30.4,19.1,44.8
Early modern,18–24,269,142,52.8,46.8,58.7
Early modern,25–29,265,121,45.7,39.8,51.7
Early modern,30–34,252,106,42.1,36.1,48.2
Early modern,35–39,183,70,38.3,31.5,45.5
Early modern,40–44,187,99,52.9,45.8,60.0
Early modern,45–49,152,53,34.9,27.7,42.7
Early modern,50–59,238,93,39.1,33.1,45.4
Early modern,60+,98,34,34.7,26.0,44.5
Industrial,18–24,76,40,52.6,41.6,63.5
Industrial,25–29,35,14,40.0,25.6,56.4
Industrial,30–34,35,18,51.4,35.6,67.0
Industrial,35–39,64,32,50.0,38.1,61.9
Industrial,40–44,66,41,62.1,50.1,72.9
Industrial,45–49,48,27,56.2,42.3,69.3
Industrial,50–59,103,62,60.2,50.5,69.1
Industrial,60+,28,17,60.7,42.4,76.4
