taxon,disease,is_disease_agent,century_ce,genomes_this_taxon,genomes_all_taxa_this_century,share_of_century_pct,taxon_total_genomes_100_1800ce
Salmonella enterica,enteric fever · typhoid & paratyphoid,True,100,1,3,33.33,14
Salmonella enterica,enteric fever · typhoid & paratyphoid,True,1100,1,10,10.0,14
Salmonella enterica,enteric fever · typhoid & paratyphoid,True,1300,8,51,15.69,14
Salmonella enterica,enteric fever · typhoid & paratyphoid,True,1800,4,10,40.0,14
Plasmodium falciparum,malaria,True,100,2,3,66.67,10
Plasmodium falciparum,malaria,True,200,1,2,50.0,10
Plasmodium falciparum,malaria,True,1100,1,10,10.0,10
Plasmodium falciparum,malaria,True,1300,1,51,1.96,10
Plasmodium falciparum,malaria,True,1500,3,54,5.56,10
Plasmodium falciparum,malaria,True,1700,1,13,7.69,10
Plasmodium falciparum,malaria,True,1800,1,10,10.0,10
Tannerella forsythia,NOT an epidemic disease — gum disease,False,200,1,2,50.0,2
Tannerella forsythia,NOT an epidemic disease — gum disease,False,1000,1,7,14.29,2
Yersinia pestis,"plague — bubonic, pneumonic, septicaemic",True,300,2,3,66.67,143
Yersinia pestis,"plague — bubonic, pneumonic, septicaemic",True,400,19,22,86.36,143
Yersinia pestis,"plague — bubonic, pneumonic, septicaemic",True,500,2,5,40.0,143
Yersinia pestis,"plague — bubonic, pneumonic, septicaemic",True,600,12,20,60.0,143
Yersinia pestis,"plague — bubonic, pneumonic, septicaemic",True,1100,1,10,10.0,143
Yersinia pestis,"plague — bubonic, pneumonic, septicaemic",True,1200,3,11,27.27,143
Yersinia pestis,"plague — bubonic, pneumonic, septicaemic",True,1300,35,51,68.63,143
Yersinia pestis,"plague — bubonic, pneumonic, septicaemic",True,1400,3,9,33.33,143
Yersinia pestis,"plague — bubonic, pneumonic, septicaemic",True,1500,39,54,72.22,143
Yersinia pestis,"plague — bubonic, pneumonic, septicaemic",True,1600,17,22,77.27,143
Yersinia pestis,"plague — bubonic, pneumonic, septicaemic",True,1700,10,13,76.92,143
Human alphaherpesvirus 1,oral herpes,True,300,1,3,33.33,4
Human alphaherpesvirus 1,oral herpes,True,400,1,22,4.55,4
Human alphaherpesvirus 1,oral herpes,True,1300,1,51,1.96,4
Human alphaherpesvirus 1,oral herpes,True,1600,1,22,4.55,4
Hepatitis B virus,hepatitis B,True,400,1,22,4.55,14
Hepatitis B virus,hepatitis B,True,600,2,20,10.0,14
Hepatitis B virus,hepatitis B,True,700,2,11,18.18,14
Hepatitis B virus,hepatitis B,True,1000,1,7,14.29,14
Hepatitis B virus,hepatitis B,True,1100,3,10,30.0,14
Hepatitis B virus,hepatitis B,True,1200,2,11,18.18,14
Hepatitis B virus,hepatitis B,True,1300,3,51,5.88,14
Haemophilus influenzae,"pneumonia, meningitis",True,400,1,22,4.55,1
Mycobacterium leprae,leprosy,True,500,1,5,20.0,21
Mycobacterium leprae,leprosy,True,900,1,14,7.14,21
Mycobacterium leprae,leprosy,True,1000,3,7,42.86,21
Mycobacterium leprae,leprosy,True,1100,2,10,20.0,21
Mycobacterium leprae,leprosy,True,1200,6,11,54.55,21
Mycobacterium leprae,leprosy,True,1300,3,51,5.88,21
Mycobacterium leprae,leprosy,True,1400,4,9,44.44,21
Mycobacterium leprae,leprosy,True,1800,1,10,10.0,21
Clostridium tetani,tetanus,True,500,1,5,20.0,11
Clostridium tetani,tetanus,True,600,3,20,15.0,11
Clostridium tetani,tetanus,True,700,2,11,18.18,11
Clostridium tetani,tetanus,True,900,3,14,21.43,11
Clostridium tetani,tetanus,True,1600,1,22,4.55,11
Clostridium tetani,tetanus,True,1700,1,13,7.69,11
Plasmodium vivax,malaria,True,500,1,5,20.0,10
Plasmodium vivax,malaria,True,1000,1,7,14.29,10
Plasmodium vivax,malaria,True,1100,2,10,20.0,10
Plasmodium vivax,malaria,True,1400,1,9,11.11,10
Plasmodium vivax,malaria,True,1500,3,54,5.56,10
Plasmodium vivax,malaria,True,1600,1,22,4.55,10
Plasmodium vivax,malaria,True,1700,1,13,7.69,10
Variola virus,smallpox,True,600,2,20,10.0,12
Variola virus,smallpox,True,700,1,11,9.09,12
Variola virus,smallpox,True,900,8,14,57.14,12
Variola virus,smallpox,True,1800,1,10,10.0,12
Methanobrevibacter oralis,NOT a disease — oral archaeon,False,600,1,20,5.0,1
Parvovirus B19,fifth disease (erythema infectiosum),True,700,1,11,9.09,5
Parvovirus B19,fifth disease (erythema infectiosum),True,900,2,14,14.29,5
Parvovirus B19,fifth disease (erythema infectiosum),True,1000,1,7,14.29,5
Parvovirus B19,fifth disease (erythema infectiosum),True,1400,1,9,11.11,5
Streptococcus pneumoniae,"pneumonia, meningitis",True,700,2,11,18.18,2
Erysipelothrix rhusiopathiae,erysipeloid — a zoonosis of animal handling,True,700,2,11,18.18,2
Borrelia recurrentis,louse-borne relapsing fever,True,1500,2,54,3.7,4
Borrelia recurrentis,louse-borne relapsing fever,True,1800,2,10,20.0,4
Plasmodium malariae,malaria,True,1500,2,54,3.7,4
Plasmodium malariae,malaria,True,1600,1,22,4.55,4
Plasmodium malariae,malaria,True,1800,1,10,10.0,4
Treponema pallidum,syphilis · yaws · bejel (by subspecies),True,1500,2,54,3.7,3
Treponema pallidum,syphilis · yaws · bejel (by subspecies),True,1600,1,22,4.55,3
