species,disease,host_adaptation,host_adaptation_rank,anthropogenic_driver_primary,anthropogenic_driver_secondary,anthropogenic_intensity_rank,anthropogenic_intensity,contamination_risk,justification
Porphyromonas gingivalis,Periodontal disease,Human commensal (co-resident microbiota),0,Diet and food processing,Oral hygiene practice,3,3 High - human activity is the primary determinant,low,Keystone periodontal pathogen; prevalence responds to diet and plaque accumulation rather than to transmission events.
Streptococcus mutans,Dental caries,Human commensal (co-resident microbiota),0,Diet and food processing,,3,3 High - human activity is the primary determinant,low,Primary caries organism. Its rise is the microbial face of the carbohydrate transition - the single most diet-dependent organism on this list.
Tannerella forsythia,Periodontal disease,Human commensal (co-resident microbiota),0,Diet and food processing,Oral hygiene practice,3,3 High - human activity is the primary determinant,low,"Red-complex periodontal organism resident in the human mouth. Never a spillover; its abundance tracks carbohydrate intake and calculus formation, so it is almost purely diet-driven."
Treponema denticola,Periodontal disease,Human commensal (co-resident microbiota),0,Diet and food processing,Oral hygiene practice,3,3 High - human activity is the primary determinant,low,Oral spirochaete of the red complex. Note it is a different species from T. pallidum despite the shared genus - do not merge them in any chart.
Anaerolineaceae bacterium oral taxon 439,Oral commensal,Human commensal (co-resident microbiota),0,Diet and food processing,,2,2 Moderate - human activity shapes distribution and severity,low,Uncultivated oral taxon from calculus metagenomes; microbiome context.
Methanobrevibacter oralis,Oral commensal (archaeon),Human commensal (co-resident microbiota),0,Diet and food processing,Inter-population contact,2,2 Moderate - human activity shapes distribution and severity,low,"Oral archaeon. Its lineage carries evidence of transfer between Neanderthals and modern humans, making it a marker of contact as well as of diet."
Olsenella sp. oral taxon 807,Oral commensal,Human commensal (co-resident microbiota),0,Diet and food processing,,2,2 Moderate - human activity shapes distribution and severity,low,Uncultivated oral taxon recovered from calculus. Commensal; included as microbiome context rather than as a disease agent.
Hepatitis B virus,Hepatitis B,Deep co-evolutionary inheritance,1,Deep co-evolutionary inheritance,Close contact and parenteral exposure,1,1 Low - human activity modifies but does not drive presence,low,"Human-restricted, and the oldest dated organism in this European set at roughly 8650 BCE - pre-Neolithic. Deep ancestry is debated, but its human association long predates urban society."
Human alphaherpesvirus 1,Herpes simplex (HSV-1),Deep co-evolutionary inheritance,1,Deep co-evolutionary inheritance,Close social contact,1,1 Low - human activity modifies but does not drive presence,low,"Herpesviruses co-speciated with their primate hosts over millions of years. Present in humans long before agriculture, cities or domestication."
Parvovirus B19,Fifth disease,Deep co-evolutionary inheritance,1,Deep co-evolutionary inheritance,Close social contact,1,1 Low - human activity modifies but does not drive presence,low,Human-specific erythrovirus with a long human association; respiratory spread needs no animal reservoir and no particular density.
Plasmodium falciparum,Malaria,Ancient human adaptation (pre-/early Holocene),2,Land use and water management,Agricultural settlement density,3,3 High - human activity is the primary determinant,low,"Human-restricted (descended from a gorilla Laverania parasite) so not zoonotic - yet its European distribution was set almost entirely by irrigation, wetland margins, deforestation and rice cultivation. The clearest case of an intensely anthropogenic non-zoonotic disease."
Plasmodium malariae,Malaria,Ancient human adaptation (pre-/early Holocene),2,Land use and water management,,3,3 High - human activity is the primary determinant,low,Human-restricted quartan malaria; same anthropogenic drivers as its congeners.
Plasmodium vivax,Malaria,Ancient human adaptation (pre-/early Holocene),2,Land use and water management,Agricultural settlement density,3,3 High - human activity is the primary determinant,low,"Human-restricted; tolerant of cooler climates, so historically the dominant European malaria, reaching the Baltic and England. Distribution tracks marshland and drainage practice."
Borrelia recurrentis,Louse-borne relapsing fever,Historical human adaptation (post-agricultural),3,"Crowding, clothing and hygiene","War, famine and displacement",3,3 High - human activity is the primary determinant,low,Derived from tick-borne B. duttonii and adapted to the human body louse - an insect that exists only because humans wear clothes. About as anthropogenic as a pathogen can be while remaining vector-borne.
Neisseria meningitidis,Meningococcal disease,Historical human adaptation (post-agricultural),3,Population density and crowding,Institutional living,3,3 High - human activity is the primary determinant,moderate,"Human-only nasopharyngeal carriage; epidemic behaviour requires dense, closely mixing populations such as garrisons."
Salmonella enterica,Enteric fever / salmonellosis,Historical human adaptation (post-agricultural),3,Sanitation and water supply,Animal husbandry (serovar-dependent),3,3 High - human activity is the primary determinant,low,SPLIT CASE. Paratyphi C is human-adapted and implicated in Neolithic and contact-era epidemics; most other serovars are zoonotic via livestock. Resolve the serovar from the source publication before assigning this row to either axis.
Treponema pallidum,Syphilis / yaws / bejel,Historical human adaptation (post-agricultural),3,Mobility and sexual networks,Colonial contact and warfare,3,3 High - human activity is the primary determinant,low,"Obligate human pathogen. Its subspecies differ in transmission route and climate, and the European epidemic from the 1490s is inseparable from long-distance contact, armies and urban networks."
Variola virus,Smallpox,Historical human adaptation (post-agricultural),3,Population density and crowding,Trade and mobility,3,3 High - human activity is the primary determinant,low,"Obligate human pathogen with no animal reservoir - which is why eradication worked. Descends from an animal poxvirus, and needs a large connected population to persist, so it is a disease of urban scale."
Haemophilus influenzae,Respiratory and invasive disease,Historical human adaptation (post-agricultural),3,Population density and crowding,Indoor air quality,2,2 Moderate - human activity shapes distribution and severity,moderate,"Exclusively human. As with S. pneumoniae, a lone identification warrants checking the source study authentication."
Mycobacterium leprae,Leprosy,Historical human adaptation (post-agricultural),3,Prolonged close contact and crowding,Trade and mobility,2,2 Moderate - human activity shapes distribution and severity,low,Historically maintained in humans; armadillo and red squirrel reservoirs are modern and localised. Medieval European diversity implies sustained human-to-human transmission along routes of movement.
Mycobacterium lepromatosis,Diffuse lepromatous leprosy,Historical human adaptation (post-agricultural),3,Prolonged close contact and crowding,,2,2 Moderate - human activity shapes distribution and severity,low,"Sister species to M. leprae, recognised only in 2008; rare in ancient samples."
Streptococcus pneumoniae,"Pneumonia, meningitis",Historical human adaptation (post-agricultural),3,Population density and crowding,Indoor air quality,2,2 Moderate - human activity shapes distribution and severity,moderate,"Human nasopharynx is the sole reservoir. Also a plausible post-mortem or laboratory presence, so treat single-sample identifications carefully."
Erysipelothrix rhusiopathiae,Erysipeloid,Currently zoonotic (animal reservoir maintained),4,Animal husbandry,Occupational animal handling,3,3 High - human activity is the primary determinant,low,"Swine and fish reservoirs; classically an occupational infection of butchers, farmers and fish handlers."
Yersinia enterocolitica,Yersiniosis,Currently zoonotic (animal reservoir maintained),4,Animal husbandry,Food handling and storage,3,3 High - human activity is the primary determinant,low,Pigs are the main reservoir; human exposure follows directly from domestication and pork consumption.
Yersinia pestis,Plague,Currently zoonotic (animal reservoir maintained),4,Trade and long-distance mobility,Grain storage and commensal rodents,3,3 High - human activity is the primary determinant,low,"Rodent reservoir with flea vector, so zoonotic by definition - yet its pandemics are products of caravan and maritime trade, urban grain stores and commensal rats. Being zoonotic makes it MORE anthropogenic in its epidemic history, not less."
Clostridium tetani,Tetanus,"Environmental, not host-maintained",5,Land use and injury exposure,Warfare and agricultural trauma,2,2 Moderate - human activity shapes distribution and severity,moderate,"Soil organism acquired through wounds; not transmitted between people, so it belongs on neither side of a transmission axis. Also a common soil presence in buried remains - presence is not proof of infection."
Acinetobacter baumannii,Opportunistic infection,"Environmental, not host-maintained",5,Not applicable,,0,0 Minimal - largely independent of human social organisation,high,"Soil and nosocomial organism, and one of the best-known contaminants in ancient DNA work. Almost certainly modern unless the source study demonstrates authentication."
Acinetobacter junii,Opportunistic infection,"Environmental, not host-maintained",5,Not applicable,,0,0 Minimal - largely independent of human social organisation,high,"As above - environmental Acinetobacter, high contamination risk."
Acinetobacter nosocomialis,Opportunistic infection,"Environmental, not host-maintained",5,Not applicable,,0,0 Minimal - largely independent of human social organisation,high,As above; the species name itself records its hospital association.
Klebsiella pneumoniae,Opportunistic infection,"Environmental, not host-maintained",5,Not applicable,,0,0 Minimal - largely independent of human social organisation,high,"Widespread in soil, water and the modern hospital environment. A frequent contaminant of ancient DNA; verify damage patterns before treating it as ancient."
Stenotrophomonas maltophilia,Opportunistic infection,"Environmental, not host-maintained",5,Not applicable,,0,0 Minimal - largely independent of human social organisation,high,Ubiquitous environmental bacterium and a classic laboratory and reagent contaminant. Exclude from disease analyses unless authenticated.
