site_id,site_name,country,region,period,settlement_size,socioeconomic_context,year_early,year_late,latitude,longitude,individuals,with_dentition,with_molar_wear,mean_caries_rate,mean_amtl_rate,mean_molar_wear,pct_leh_present
918,Volders,Austria,Central and Southeastern Europe,Early medieval,Rural,Farming community,500,700,47.281558,11.56517,83,58,52,0.0262,0.098,4.7632,0.0169
596,Gars Thunau,Austria,Central and Southeastern Europe,Early medieval,Rural,Craft or artisan workers,600,800,48.594339,15.65635,217,101,92,0.0383,0.0544,3.6947,0.6207
603,Zwolfaxing,Austria,Central and Southeastern Europe,Early medieval,Rural,Farming community,623,773,48.11175,16.463347,230,160,128,0.0786,0.1114,3.8781,0.4882
435,Pottenbrun,Austria,Central and Southeastern Europe,Early medieval,Rural,Farming community,850,850,48.23333,15.68333,191,104,94,0.1023,0.1464,3.706,0.7245
1009,Bachlechnerplatz,Austria,Central and Southeastern Europe,Industrial,Town,Craft or artisan workers,1850,1900,47.283392,11.508865,8,8,7,0.0778,0.3008,4.1429,0.0
470,Lauchheim,Germany,Central and Southeastern Europe,Early medieval,Rural,Farming community,450,680,48.8714,10.2328,1259,1050,931,0.09,0.1812,4.1076,0.4258
1016,Grossmehring,Germany,Central and Southeastern Europe,Early medieval,Rural,Farming community,650,750,48.75,11.5333,139,108,72,0.1031,0.2194,3.4847,0.0
771,Etting,Germany,Central and Southeastern Europe,Early medieval,Rural,Farming community,700,700,48.8,11.4,35,30,18,0.0534,0.0555,3.6667,0.0645
778,Unterigling,Germany,Central and Southeastern Europe,Early medieval,Rural,Farming community,700,900,48.0667,10.8,255,187,148,0.0545,0.1406,4.6525,0.0452
456,Mintoritenweg,Germany,Central and Southeastern Europe,Early modern,Town,Hospital population,1400,1600,49.016848,12.106354,342,251,189,0.2154,0.1984,3.4578,0.3953
890,Szoreg-Teglagyar,Hungary,Central and Southeastern Europe,Pre-medieval,Rural,Military,450,550,46.195323,20.197808,94,59,48,0.1035,0.1287,3.2091,0.05
400,Kiskundorozsma Daruhalom,Hungary,Central and Southeastern Europe,Early medieval,Village,Farming community,670,750,46.297388,20.057301,86,63,57,0.0623,0.1211,2.9826,0.2273
645,Homokmegy-Szekes,Hungary,Central and Southeastern Europe,Early medieval,Rural,Farming community,930,1030,46.483067,19.102561,179,145,130,0.099,0.1454,3.6492,0.1524
666,Nagylak Hatarsav,Hungary,Central and Southeastern Europe,High medieval,Village,Farming community,1100,1300,46.169037,20.713271,223,144,133,0.1068,0.1905,2.9375,0.1746
638,Slava Rusa,Romania,Central and Southeastern Europe,Pre-medieval,Small city,Farming community,300,400,44.8519,28.5814,124,85,82,0.0929,0.1532,4.3519,0.2564
743,Mangalia,Romania,Central and Southeastern Europe,Pre-medieval,Small city,Farming community,300,400,43.8108,28.5781,167,128,121,0.0523,0.1047,4.3034,0.2574
820,Istria,Romania,Central and Southeastern Europe,Early medieval,Town,Craft or artisan workers,500,600,44.5472,28.7719,105,82,79,0.0481,0.184,3.8082,0.4697
120,Bobald-Carei,Romania,Central and Southeastern Europe,Early modern,Rural,Farming community,1450,1650,47.669,22.5098,143,58,47,0.0355,0.1651,2.9114,0.2963
1268,Graberfeld Stalden,Switzerland,Central and Southeastern Europe,Pre-medieval,Village,Farming community,350,400,46.23304,7.86984,24,18,17,0.4429,0.0679,3.5165,0.4444
792,Buren Oberburen,Switzerland,Central and Southeastern Europe,Early medieval,Rural,Farming community,700,1050,47.137375,7.380092,207,168,100,0.2086,0.1552,4.7298,0.6783
7361,Basel (Barfusserkirche?),Switzerland,Central and Southeastern Europe,High medieval,Town,Craft or artisan workers,1200,1300,47.5548,7.5902,164,129,122,0.0997,0.0778,4.5115,0.6333
1240,Bern-Bundesgasse,Switzerland,Central and Southeastern Europe,Industrial,Small city,Farming community,1730,1815,46.949561,7.437503,277,110,61,0.5068,0.3372,2.9302,0.7458
1198,Bern-Sidlerstrasse,Switzerland,Central and Southeastern Europe,Industrial,Small city,Farming community,1769,1815,46.949561,7.437503,97,60,40,0.4995,0.2766,2.6424,0.6818
736,Basel-Barfusserkirche,Switzerland,Central and Southeastern Europe,Industrial,Town,Craft or artisan workers,1779,1833,47.5587,7.597,22,6,4,0.6624,0.3731,2.75,0.8
953,Kiev-Patorzhinskogo,Ukraine,Central and Southeastern Europe,High medieval,Town,Craft or artisan workers,900,1200,50.450775,30.515408,56,34,32,0.1176,0.1199,3.9578,0.7586
1212,Kiev-Shchekavitsa,Ukraine,Central and Southeastern Europe,Early medieval,Rural,Farming community,900,1100,50.437231,30.544081,94,55,48,0.0907,0.1578,3.5021,0.4146
1233,Stajky,Ukraine,Central and Southeastern Europe,Early modern,Rural,Farming community,1500,1600,50.078681,30.902686,30,27,20,0.0453,0.2099,3.9481,0.5217
617,Pasydy,Cyprus,Mediterranean,Early modern,Small city,Craft or artisan workers,1500,1800,35.166,33.3561,76,50,44,0.0976,0.1164,3.7963,0.3824
701,Messene,Greece,Mediterranean,Early medieval,Town,Craft or artisan workers,500,600,37.1802,22.0049,44,35,33,0.0299,0.1051,4.3179,0.0294
708,Sourtara,Greece,Mediterranean,Early medieval,Rural,Farming community,500,600,40.3421,21.8052,96,60,52,0.0419,0.1355,4.0068,0.0189
862,Xironomi,Greece,Mediterranean,Early medieval,Village,Farming community,900,1100,38.250328,23.074936,27,7,7,0.0,0.0,1.6607,0.75
652,Spata,Greece,Mediterranean,High medieval,Rural,Farming community,1000,1300,37.944053,23.943028,39,16,13,0.0062,0.0,1.6615,0.5
715,Kastella,Greece,Mediterranean,Early medieval,Town,Craft or artisan workers,1000,1000,35.3425,25.132222,32,17,17,0.0389,0.0538,3.2721,0.375
659,Thebes,Greece,Mediterranean,High medieval,Small city,Craft or artisan workers,1100,1200,38.319758,23.317603,13,10,7,0.0,0.0,1.3429,0.25
939,Silveirona,Portugal,Mediterranean,Pre-medieval,Rural,Farming community,500,500,38.885483,-7.609203,30,26,18,0.0324,0.1064,3.6833,0.4737
1023,Quinta do Lago,Portugal,Mediterranean,Early medieval,Rural,Craft or artisan workers,920,1000,37.019419,-8.014606,47,29,21,0.0829,0.1102,2.7601,0.0385
988,Sao Joao de Almedina,Portugal,Mediterranean,Late medieval,Major city,Craft or artisan workers,1200,1400,40.2091,-8.425164,43,28,21,0.1412,0.138,4.6892,0.7391
883,Constancia,Portugal,Mediterranean,Early modern,Village,Other,1300,1800,39.4748,-8.339181,125,53,40,0.151,0.2502,3.016,0.4773
960,Cacela Velha,Portugal,Mediterranean,Late medieval,Village,Farming community,1300,1400,37.157319,-7.544922,42,26,23,0.0563,0.1851,5.1234,0.75
1149,Convento de Sao Franc.,Portugal,Mediterranean,Late medieval,Major city,Farming community,1400,1700,39.239172,-8.684647,110,53,37,0.0631,0.1804,3.6481,0.0213
1184,Convento do Carmo,Portugal,Mediterranean,Early modern,Town,Craft or artisan workers,1450,1700,38.711987,-9.14075,44,21,20,0.2615,0.1362,3.9716,0.8
855,Santa Clara-a-Velha,Portugal,Mediterranean,Early modern,Village,Religious order,1490,1730,40.2022,-8.432803,73,59,32,0.2832,0.477,4.2436,0.3871
1254,Convento dos Remedios,Portugal,Mediterranean,Early modern,Town,Farming community,1600,1850,38.569593,-7.915404,57,23,19,0.1117,0.2328,3.7518,0.6667
1093,Rua Primeiro de Dezembro,Portugal,Mediterranean,Early modern,Rural,Other,1700,1700,38.6419,-9.106897,51,10,8,0.3156,0.2494,3.8839,0.75
932,Roquetes,Spain,Mediterranean,Late medieval,Town,Farming community,1300,1400,41.6442,1.14791,53,41,41,0.0537,0.0286,2.8198,0.7941
925,Convent Agustins,Spain,Mediterranean,Early modern,Town,Farming community,1700,1700,41.6435,1.13957,89,59,51,0.0734,0.0848,3.45,0.6957
680,Schleswig,Germany,Northeastern Europe,High medieval,Town,Other,1140,1210,54.5167,9.56667,225,137,124,0.0404,0.05,4.2102,0.2868
1030,Doma Laukums,Latvia,Northeastern Europe,Early modern,Small city,Craft or artisan workers,1500,1600,56.9492,24.1054,299,231,214,0.0189,0.0753,3.3953,0.3095
1163,Selpils,Latvia,Northeastern Europe,Early modern,Rural,Farming community,1500,1600,56.81657,25.63325,144,113,107,0.0242,0.0509,2.9573,0.3918
1051,St. Peters,Latvia,Northeastern Europe,Early modern,Small city,Craft or artisan workers,1600,1700,56.9477,24.1087,194,123,119,0.019,0.0475,3.3006,0.3205
785,Plinkaigalis,Lithuania,Northeastern Europe,Pre-medieval,Rural,Farming community,350,650,55.4183,23.6699,247,203,192,0.1101,0.0742,3.8447,0.513
211,Kriveiskiskis,Lithuania,Northeastern Europe,High medieval,Village,Craft or artisan workers,1150,1350,54.880556,24.860556,155,78,75,0.1659,0.0889,4.1464,0.4267
155,Latako,Lithuania,Northeastern Europe,Late medieval,Town,Craft or artisan workers,1350,1500,54.68119,25.2897,98,60,55,0.0718,0.1173,4.2613,0.1569
995,Boksto,Lithuania,Northeastern Europe,High medieval,Town,Craft or artisan workers,1350,1500,54.680517,25.290814,46,32,31,0.1405,0.0437,3.7083,0.4444
1135,Kernave,Lithuania,Northeastern Europe,Late medieval,Rural,Farming community,1350,1650,54.8844,24.85245,177,141,130,0.1359,0.1086,4.371,0.312
190,Katedra,Lithuania,Northeastern Europe,Early modern,Major city,Other,1450,1750,54.6859,25.2879,30,25,23,0.1247,0.0399,3.6268,0.4583
267,Leipalingis,Lithuania,Northeastern Europe,Early modern,Rural,Farming community,1450,1650,54.098889,23.848611,57,49,44,0.1675,0.1406,4.0385,0.4694
477,Rukliai,Lithuania,Northeastern Europe,Late medieval,Rural,Farming community,1450,1650,55.5919,25.7307,77,53,50,0.1393,0.1548,4.8752,0.6122
806,Aguonu,Lithuania,Northeastern Europe,Late medieval,Small city,Craft or artisan workers,1450,1550,54.6768,25.2773,165,105,102,0.2121,0.0578,3.605,0.4444
1107,Dubingiu piliaviete,Lithuania,Northeastern Europe,Late medieval,Rural,Farming community,1450,1650,55.0581,25.4459,58,33,32,0.173,0.0951,4.5319,0.3871
1205,Alytus,Lithuania,Northeastern Europe,Late medieval,Town,Craft or artisan workers,1450,1650,54.4044,24.0583,58,33,29,0.306,0.1689,3.763,0.3333
1002,Klaipeda,Lithuania,Northeastern Europe,Early modern,Small city,Craft or artisan workers,1530,1750,55.7103,21.1371,171,131,117,0.0331,0.1151,3.3609,0.1282
183,Subaciaus,Lithuania,Northeastern Europe,Early modern,Major city,Craft or artisan workers,1547,1645,54.67628,25.29082,122,72,70,0.2473,0.115,4.2976,0.6377
141,Bernardinai,Lithuania,Northeastern Europe,Early modern,Small city,Other,1550,1750,54.6831,25.2939,16,15,13,0.2216,0.136,4.4135,0.2857
169,Pranciskonu,Lithuania,Northeastern Europe,Early modern,Small city,Other,1550,1650,54.6795,25.28078,43,23,23,0.0765,0.0422,4.2816,0.1739
176,Pranciskonu sventorius,Lithuania,Northeastern Europe,Early modern,Small city,Craft or artisan workers,1550,1650,54.6795,25.28078,25,7,6,0.1859,0.0446,4.748,0.6
148,Mindaugo,Lithuania,Northeastern Europe,Early modern,Major city,Military,1780,1780,54.67825,25.27421,43,0,0,,,,
295,Siaures miestelis,Lithuania,Northeastern Europe,Early modern,Major city,Military,1812,1812,54.707222,25.299722,525,249,248,0.1299,0.0294,2.5851,0.4257
449,Panevezys,Lithuania,Northeastern Europe,Industrial,Small city,Military,1915,1918,55.719722,24.363056,80,76,58,0.141,0.1716,2.0148,0.2174
512,Giecz,Poland,Northeastern Europe,Early medieval,Rural,Farming community,850,950,52.3206,17.3632,233,151,133,0.0878,0.2002,4.3622,0.9091
491,Poznan-Srodka,Poland,Northeastern Europe,High medieval,Town,Craft or artisan workers,900,1200,52.4144,16.9556,90,49,47,0.0629,0.165,3.6554,0.561
484,Kaldus,Poland,Northeastern Europe,High medieval,Village,Farming community,950,1150,53.321958,18.399544,601,431,390,0.0753,0.0748,3.5968,0.379
533,Wodna,Poland,Northeastern Europe,High medieval,Town,Craft or artisan workers,950,1100,52.4074,16.9371,5,4,4,0.0156,0.0,2.9625,0.3333
463,Gruczno,Poland,Northeastern Europe,High medieval,Rural,Farming community,1050,1250,53.349694,18.313186,253,58,57,0.016,0.0,1.5789,0.4074
526,Garbary,Poland,Northeastern Europe,High medieval,Town,Craft or artisan workers,1150,1250,52.4105,16.9375,6,4,4,0.0417,0.1016,3.2902,1.0
799,Kwidzyn,Poland,Northeastern Europe,Early modern,Town,Military,1250,1750,53.737689,18.948111,5,4,4,0.0,0.1132,4.043,0.25
1114,Plonkowo,Poland,Northeastern Europe,Late medieval,Rural,Farming community,1250,1850,52.892881,18.322706,298,144,118,0.0868,0.1029,3.8579,0.5091
967,Kaminonki Duze,Poland,Northeastern Europe,Early modern,Rural,Farming community,1550,1650,53.130008,18.722472,127,70,66,0.0824,0.0634,3.3316,0.6719
1121,Pien,Poland,Northeastern Europe,Early modern,Rural,Farming community,1650,1750,53.183606,18.211631,49,28,25,0.0806,0.1197,2.9822,0.7619
764,Sigtuna,Sweden,Northeastern Europe,High medieval,Town,Farming community,1100,1300,59.6151,17.719,382,274,241,0.0424,0.0377,4.5282,0.1815
904,Saint Laurent Blangy,France,Northwestern Europe,Pre-medieval,Rural,Farming community,350,400,50.3131,2.821911,11,5,3,0.3086,0.1782,4.8333,0.5
1261,Amiens Ilot des Boucheries,France,Northwestern Europe,Pre-medieval,Town,Craft or artisan workers,350,400,49.908,2.29436,250,156,138,0.2078,0.1236,3.8134,0.2787
113,Saint Sauver,France,Northwestern Europe,Early medieval,Village,Craft or artisan workers,400,900,49.9405,2.20917,175,114,83,0.1959,0.2116,3.6508,0.3571
127,Wandignies-Hamage,France,Northwestern Europe,Early medieval,Rural,Religious order,600,1100,50.3983,3.31778,66,57,55,0.059,0.1748,4.7069,0.4444
750,Les Rues des Vignes,France,Northwestern Europe,Early medieval,Village,Craft or artisan workers,600,640,50.0919,3.23424,188,128,106,0.1125,0.2031,4.5032,0.1495
673,Haudricourt,France,Northwestern Europe,Early medieval,Village,Craft or artisan workers,670,720,49.735,1.71247,57,43,33,0.1673,0.2338,3.6678,0.1111
582,St. Ame,France,Northwestern Europe,Early modern,Town,Craft or artisan workers,1500,1797,50.3689,3.07556,393,257,220,0.306,0.174,3.4393,0.5768
911,Wenigumstadt,Germany,Northwestern Europe,Early medieval,Rural,Farming community,450,700,49.8833,9.0333,230,172,139,0.1427,0.1221,4.0639,0.2123
1247,Altdorf,Germany,Northwestern Europe,Early modern,Town,Farming community,1600,1870,50.876435,6.365171,111,79,60,0.2129,0.2811,4.1093,0.3
694,Franciscan Friary,Netherlands,Northwestern Europe,Late medieval,Small city,Religious order,1250,1572,51.813889,4.665556,307,188,154,0.1177,0.0971,3.2614,0.1389
827,Koningsveld,Netherlands,Northwestern Europe,Late medieval,Town,Religious order,1250,1550,52.002111,4.364389,94,85,75,0.166,0.1536,3.8541,1.0
134,Valkenberg-Breda,Netherlands,Northwestern Europe,Late medieval,Town,Religious order,1296,1535,51.5911,4.77861,155,110,74,0.1141,0.1803,3.4347,1.0
554,"Butt Road, Colchester",UK,Northwestern Europe,Pre-medieval,Town,Craft or artisan workers,0,400,51.883339,0.891278,124,105,100,0.0866,0.0884,3.5202,0.3298
344,"Trentholme Drive, York",UK,Northwestern Europe,Pre-medieval,Town,Craft or artisan workers,140,410,53.949603,-1.097417,156,75,70,0.0864,0.0897,3.8575,0.2308
834,Apple Down,UK,Northwestern Europe,Early medieval,Rural,Craft or artisan workers,500,600,50.9289,-0.870833,106,101,94,0.0391,0.0584,4.5294,0.0761
757,BlackGate,UK,Northwestern Europe,Early medieval,Rural,Farming community,650,950,54.976,-1.61051,458,276,250,0.0516,0.0417,5.0892,0.5476
869,Blackfriars,UK,Northwestern Europe,Late medieval,Village,Religious order,1246,1539,51.864814,-2.249739,99,53,45,0.0905,0.1347,3.7589,0.7391
876,Towton,UK,Northwestern Europe,Late medieval,Rural,Military,1461,1461,53.848599,-1.267313,32,27,27,0.1045,0.0993,3.737,0.8519
1100,Bowling Green,UK,Northwestern Europe,Early modern,Mega city,Craft or artisan workers,1600,1850,51.5248,-0.106914,333,229,180,0.2856,0.2675,2.0881,0.5238
1177,"All Saints, Fishergate",UK,Northwestern Europe,Early modern,Small city,Craft or artisan workers,1640,1640,53.9533,-1.07347,101,77,71,0.094,0.0566,3.3959,0.5278
897,"York, Fishergate House",UK,Northwestern Europe,Late medieval,Town,Craft or artisan workers,1644,1644,53.95,-1.06667,71,39,34,0.12,0.1873,4.1442,0.8919
1079,St. Martins,UK,Northwestern Europe,Industrial,Mega city,Craft or artisan workers,1775,1850,52.4779,-1.89389,440,328,60,0.1282,0.2437,2.9478,0.6595
1142,Wolverhampton,UK,Northwestern Europe,Industrial,Major city,Craft or artisan workers,1850,1850,51.9638,-2.88582,116,57,36,0.2526,0.2276,2.9714,0.3462
