mark_id,series,plot_role,label,x_year,x_date_early,x_date_late,y_repaired_teeth_per_100,numerator_repaired_teeth,denominator_individuals,numerator_detail,ci_low_per_100,ci_high_per_100,ci_method,assumed_miss_rate,multiplier,source_citation,source_ref,verification_status,note
M01,archaeological,observed point + CI whisker,"Pieve di Pava — Tuscany, 10th–12th c.",1050,900,1200,0.98,2,204,two grooved maxillary incisors,0.119,3.542,"exact Poisson on the count, 95%",,,"Monaco M, Riccomi G, Minozzi S, Campana S, Giuffra V (2022). Arch Oral Biol 140:105449.",10.1016/j.archoralbio.2022.105449,full text read,x plotted at the midpoint of the assemblage date range
M02,archaeological,observed point + CI whisker,Aberdeen — 1460–1670,1565,1460,1670,3.0,3,100,"two ligatured incisors, one replaced",0.619,8.767,"exact Poisson on the count, 95%",,,"Dittmar JM, Crozier R, Cameron A, Mann B, Oxenham MF (2026). Br Dent J 240(8):555-559.",10.1038/s41415-025-9107-3,full text read,x plotted at the midpoint of the assemblage date range
M03,archaeological,observed point + CI whisker,"Middenbeemster — Netherlands, 1800s",1850,1800,1899,3.556,16,450,"two denture wearers, ~16 teeth spanned or braced",2.032,5.774,"exact Poisson on the count, 95%",,,"Waters-Rist AL, Braekmans D, Hoogland MLP (2013). BABAO 15th Annual Conference, York.",BABAO 2013 poster,conference poster,x plotted at the midpoint of the assemblage date range
M04,modern,observed point,"ADHS 2009, England",2009,2009,2009,670.0,6.7 (mean per person),6470,"mean restored, otherwise sound teeth, all ages, unadjusted",,,not shown; survey SE negligible at this scale,,,"Adult Dental Health Survey 2009 published tables, NHS Digital / NatCen.",ADHS 2009 Table 4.3.1 (mean) and Table 4.1.1 (prevalence),full text read,"EXCLUDES restored teeth that are also decayed, and excludes crowns, bridges, implants, dentures and extractions — so this value is a floor"
M05,sensitivity,shaded bar (upper end),"Pieve di Pava — Tuscany, 10th–12th c.",1050,,,9.8,,,,,,,0.9,10,ARITHMETIC ONLY — observed / (1 - miss_rate),"no source: this is a what-if, not an estimate",not data,NOT a confidence interval and NOT a projection. The miss rates are round numbers chosen to bracket an implausible case.
M06,sensitivity,shaded bar (upper end),"Pieve di Pava — Tuscany, 10th–12th c.",1050,,,98.04,,,,,,,0.99,100,ARITHMETIC ONLY — observed / (1 - miss_rate),"no source: this is a what-if, not an estimate",not data,NOT a confidence interval and NOT a projection. The miss rates are round numbers chosen to bracket an implausible case.
M07,sensitivity,shaded bar (upper end),Aberdeen — 1460–1670,1565,,,30.0,,,,,,,0.9,10,ARITHMETIC ONLY — observed / (1 - miss_rate),"no source: this is a what-if, not an estimate",not data,NOT a confidence interval and NOT a projection. The miss rates are round numbers chosen to bracket an implausible case.
M08,sensitivity,shaded bar (upper end),Aberdeen — 1460–1670,1565,,,300.0,,,,,,,0.99,100,ARITHMETIC ONLY — observed / (1 - miss_rate),"no source: this is a what-if, not an estimate",not data,NOT a confidence interval and NOT a projection. The miss rates are round numbers chosen to bracket an implausible case.
M09,sensitivity,shaded bar (upper end),"Middenbeemster — Netherlands, 1800s",1850,,,35.56,,,,,,,0.9,10,ARITHMETIC ONLY — observed / (1 - miss_rate),"no source: this is a what-if, not an estimate",not data,NOT a confidence interval and NOT a projection. The miss rates are round numbers chosen to bracket an implausible case.
M10,sensitivity,shaded bar (upper end),"Middenbeemster — Netherlands, 1800s",1850,,,355.56,,,,,,,0.99,100,ARITHMETIC ONLY — observed / (1 - miss_rate),"no source: this is a what-if, not an estimate",not data,NOT a confidence interval and NOT a projection. The miss rates are round numbers chosen to bracket an implausible case.
M11,reference,horizontal dashed rule,modern level,,,,670.0,,,,,,,,,ADHS 2009 Table 4.3.1,ADHS 2009,full text read,drawn across the full x-range
M12,derived,not plotted — quoted in notes,break-even miss rate,,,,2.512,,,,,,,0.99625,,DERIVED: 1 - (archaeological mean 2.51) / (modern 670),computed from the rows above,derived,the miss rate at which the archaeological mean would equal the modern value
